Timestamp,Detected Label
2024-12-08 20:03:44,asian: 0.95
2024-12-08 20:03:44,korean: 0.86
2024-12-08 20:03:44,hair: 0.85
2024-12-08 20:03:44,brown: 0.83
2024-12-08 20:03:44,native american: 0.79
2024-12-08 20:03:44,angry: 0.73
2024-12-08 20:03:44,woman child: 0.73
2024-12-08 20:03:44,vietnamese: 0.73
2024-12-08 20:03:44,genderless many: 0.72
2024-12-08 20:03:44,person many: 0.71
2024-12-08 20:03:45,asian: 0.97
2024-12-08 20:03:45,korean: 0.90
2024-12-08 20:03:45,hair: 0.88
2024-12-08 20:03:45,brown: 0.85
2024-12-08 20:03:45,native american: 0.78
2024-12-08 20:03:45,angry: 0.77
2024-12-08 20:03:45,bed: 0.75
2024-12-08 20:03:45,camera: 0.75
2024-12-08 20:03:45,vietnamese: 0.74
2024-12-08 20:03:45,photo: 0.73
2024-12-08 20:03:47,asian: 1.00
2024-12-08 20:03:47,korean: 0.93
2024-12-08 20:03:47,hair: 0.91
2024-12-08 20:03:47,brown: 0.86
2024-12-08 20:03:47,native american: 0.80
2024-12-08 20:03:47,bed: 0.79
2024-12-08 20:03:47,vietnamese: 0.78
2024-12-08 20:03:47,angry: 0.78
2024-12-08 20:03:47,camera: 0.78
2024-12-08 20:03:47,white many: 0.76
2024-12-08 20:03:49,asian: 1.16
2024-12-08 20:03:49,korean: 1.08
2024-12-08 20:03:49,mug: 1.06
2024-12-08 20:03:49,hair: 1.05
2024-12-08 20:03:49,brown: 1.00
2024-12-08 20:03:49,bed: 0.96
2024-12-08 20:03:49,camera: 0.95
2024-12-08 20:03:49,angry: 0.95
2024-12-08 20:03:49,woman child: 0.93
2024-12-08 20:03:49,vietnamese: 0.92
2024-12-08 20:03:51,mug: 1.25
2024-12-08 20:03:51,asian: 1.24
2024-12-08 20:03:51,hair: 1.17
2024-12-08 20:03:51,korean: 1.16
2024-12-08 20:03:51,brown: 1.11
2024-12-08 20:03:51,angry: 1.06
2024-12-08 20:03:51,camera: 1.03
2024-12-08 20:03:51,bed: 1.02
2024-12-08 20:03:51,woman child: 1.02
2024-12-08 20:03:51,can: 1.00
2024-12-08 20:03:53,mug: 1.35
2024-12-08 20:03:53,asian: 1.31
2024-12-08 20:03:53,hair: 1.26
2024-12-08 20:03:53,korean: 1.22
2024-12-08 20:03:53,brown: 1.18
2024-12-08 20:03:53,angry: 1.13
2024-12-08 20:03:53,camera: 1.08
2024-12-08 20:03:53,woman child: 1.08
2024-12-08 20:03:53,bed: 1.07
2024-12-08 20:03:53,can: 1.06
2024-12-08 20:03:55,asian: 1.44
2024-12-08 20:03:55,mug: 1.40
2024-12-08 20:03:55,hair: 1.36
2024-12-08 20:03:55,korean: 1.35
2024-12-08 20:03:55,brown: 1.25
2024-12-08 20:03:55,angry: 1.20
2024-12-08 20:03:55,camera: 1.17
2024-12-08 20:03:55,woman child: 1.17
2024-12-08 20:03:55,bed: 1.16
2024-12-08 20:03:55,can: 1.15
2024-12-08 20:03:57,asian: 1.54
2024-12-08 20:03:57,hair: 1.45
2024-12-08 20:03:57,korean: 1.45
2024-12-08 20:03:57,mug: 1.40
2024-12-08 20:03:57,brown: 1.31
2024-12-08 20:03:57,sewing macine: 1.25
2024-12-08 20:03:57,woman child: 1.25
2024-12-08 20:03:57,angry: 1.24
2024-12-08 20:03:57,vietnamese: 1.23
2024-12-08 20:03:57,camera: 1.22
2024-12-08 20:03:59,asian: 1.71
2024-12-08 20:03:59,korean: 1.63
2024-12-08 20:03:59,hair: 1.59
2024-12-08 20:03:59,mug: 1.49
2024-12-08 20:03:59,brown: 1.41
2024-12-08 20:03:59,sewing macine: 1.38
2024-12-08 20:03:59,woman child: 1.37
2024-12-08 20:03:59,vietnamese: 1.36
2024-12-08 20:03:59,fang: 1.35
2024-12-08 20:03:59,mop: 1.35
2024-12-08 20:04:01,asian: 1.82
2024-12-08 20:04:01,korean: 1.71
2024-12-08 20:04:01,hair: 1.66
2024-12-08 20:04:01,mug: 1.50
2024-12-08 20:04:01,brown: 1.48
2024-12-08 20:04:01,vietnamese: 1.45
2024-12-08 20:04:01,sewing macine: 1.44
2024-12-08 20:04:01,woman child: 1.44
2024-12-08 20:04:01,fang: 1.41
2024-12-08 20:04:01,can: 1.41
2024-12-08 20:04:03,asian: 1.95
2024-12-08 20:04:03,korean: 1.83
2024-12-08 20:04:03,hair: 1.81
2024-12-08 20:04:03,brown: 1.59
2024-12-08 20:04:03,sewing macine: 1.56
2024-12-08 20:04:03,mug: 1.55
2024-12-08 20:04:03,vietnamese: 1.53
2024-12-08 20:04:03,woman child: 1.53
2024-12-08 20:04:03,fang: 1.52
2024-12-08 20:04:03,can: 1.51
2024-12-08 20:04:05,asian: 2.13
2024-12-08 20:04:05,hair: 1.99
2024-12-08 20:04:05,korean: 1.99
2024-12-08 20:04:05,brown: 1.75
2024-12-08 20:04:05,sewing macine: 1.69
2024-12-08 20:04:05,fang: 1.67
2024-12-08 20:04:05,woman child: 1.66
2024-12-08 20:04:05,can: 1.65
2024-12-08 20:04:05,vietnamese: 1.65
2024-12-08 20:04:05,bed: 1.65
2024-12-08 20:04:07,asian: 2.37
2024-12-08 20:04:07,hair: 2.24
2024-12-08 20:04:07,korean: 2.21
2024-12-08 20:04:07,brown: 1.96
2024-12-08 20:04:07,sewing macine: 1.89
2024-12-08 20:04:07,fang: 1.88
2024-12-08 20:04:07,bed: 1.86
2024-12-08 20:04:07,can: 1.85
2024-12-08 20:04:07,woman child: 1.85
2024-12-08 20:04:07,native american: 1.83
2024-12-08 20:04:09,asian: 2.54
2024-12-08 20:04:09,hair: 2.43
2024-12-08 20:04:09,korean: 2.36
2024-12-08 20:04:09,brown: 2.13
2024-12-08 20:04:09,sewing macine: 2.02
2024-12-08 20:04:09,bed: 2.01
2024-12-08 20:04:09,fang: 2.01
2024-12-08 20:04:09,native american: 1.98
2024-12-08 20:04:09,can: 1.98
2024-12-08 20:04:09,woman child: 1.97
2024-12-08 20:04:11,asian: 2.75
2024-12-08 20:04:11,hair: 2.68
2024-12-08 20:04:11,korean: 2.56
2024-12-08 20:04:11,brown: 2.34
2024-12-08 20:04:11,bed: 2.21
2024-12-08 20:04:11,sewing macine: 2.19
2024-12-08 20:04:11,fang: 2.18
2024-12-08 20:04:11,native american: 2.16
2024-12-08 20:04:11,can: 2.15
2024-12-08 20:04:11,woman child: 2.14
2024-12-08 20:04:14,asian: 3.12
2024-12-08 20:04:14,hair: 3.11
2024-12-08 20:04:14,korean: 2.89
2024-12-08 20:04:14,brown: 2.69
2024-12-08 20:04:14,bed: 2.52
2024-12-08 20:04:14,sewing macine: 2.51
2024-12-08 20:04:14,fang: 2.49
2024-12-08 20:04:14,native american: 2.47
2024-12-08 20:04:14,camera: 2.46
2024-12-08 20:04:14,can: 2.46
2024-12-08 20:04:16,hair: 3.59
2024-12-08 20:04:16,asian: 3.58
2024-12-08 20:04:16,korean: 3.32
2024-12-08 20:04:16,brown: 3.13
2024-12-08 20:04:16,sewing macine: 2.91
2024-12-08 20:04:16,camera: 2.89
2024-12-08 20:04:16,bed: 2.88
2024-12-08 20:04:16,fang: 2.87
2024-12-08 20:04:16,native american: 2.86
2024-12-08 20:04:16,can: 2.84
2024-12-08 20:04:18,hair: 4.22
2024-12-08 20:04:18,asian: 4.19
2024-12-08 20:04:18,korean: 3.85
2024-12-08 20:04:18,brown: 3.71
2024-12-08 20:04:18,native american: 3.39
2024-12-08 20:04:18,sewing macine: 3.39
2024-12-08 20:04:18,camera: 3.38
2024-12-08 20:04:18,bed: 3.38
2024-12-08 20:04:18,fang: 3.37
2024-12-08 20:04:18,can: 3.34
2024-12-08 20:04:20,asian: 5.17
2024-12-08 20:04:20,hair: 5.16
2024-12-08 20:04:20,korean: 4.80
2024-12-08 20:04:20,brown: 4.60
2024-12-08 20:04:20,fang: 4.22
2024-12-08 20:04:20,native american: 4.18
2024-12-08 20:04:20,sewing macine: 4.17
2024-12-08 20:04:20,camera: 4.16
2024-12-08 20:04:20,can: 4.14
2024-12-08 20:04:20,bed: 4.09
2024-12-08 20:04:22,hair: 6.26
2024-12-08 20:04:22,asian: 6.25
2024-12-08 20:04:22,korean: 5.81
2024-12-08 20:04:22,brown: 5.63
2024-12-08 20:04:22,fang: 5.14
2024-12-08 20:04:22,native american: 5.10
2024-12-08 20:04:22,can: 5.05
2024-12-08 20:04:22,sewing macine: 5.04
2024-12-08 20:04:22,camera: 4.96
2024-12-08 20:04:22,photo: 4.93
2024-12-08 20:04:24,asian: 8.28
2024-12-08 20:04:24,hair: 8.22
2024-12-08 20:04:24,korean: 7.73
2024-12-08 20:04:24,brown: 7.44
2024-12-08 20:04:24,fang: 6.85
2024-12-08 20:04:24,native american: 6.70
2024-12-08 20:04:24,can: 6.67
2024-12-08 20:04:24,sewing macine: 6.61
2024-12-08 20:04:24,photo: 6.53
2024-12-08 20:04:24,camera: 6.49
2024-12-08 20:04:26,asian: 13.18
2024-12-08 20:04:26,hair: 12.94
2024-12-08 20:04:26,korean: 12.33
2024-12-08 20:04:26,brown: 11.76
2024-12-08 20:04:26,fang: 10.95
2024-12-08 20:04:26,can: 10.62
2024-12-08 20:04:26,native american: 10.58
2024-12-08 20:04:26,smile: 10.51
2024-12-08 20:04:26,sewing macine: 10.46
2024-12-08 20:04:26,photo: 10.37
2024-12-08 20:04:28,asian: 23.90
2024-12-08 20:04:28,hair: 23.53
2024-12-08 20:04:28,korean: 22.37
2024-12-08 20:04:28,brown: 21.39
2024-12-08 20:04:28,fang: 19.99
2024-12-08 20:04:28,smile: 19.42
2024-12-08 20:04:28,can: 19.30
2024-12-08 20:04:28,native american: 19.20
2024-12-08 20:04:28,sewing macine: 18.95
2024-12-08 20:04:28,photo: 18.85
2024-12-08 20:04:30,asian: 358.83
2024-12-08 20:04:30,hair: 348.28
2024-12-08 20:04:30,korean: 335.11
2024-12-08 20:04:30,brown: 320.87
2024-12-08 20:04:30,fang: 300.86
2024-12-08 20:04:30,native american: 291.34
2024-12-08 20:04:30,can: 290.21
2024-12-08 20:04:30,smile: 284.33
2024-12-08 20:04:30,sewing macine: 282.84
2024-12-08 20:04:30,photo: 282.76
2024-12-08 20:04:32,asian: 27.73
2024-12-08 20:04:32,hair: 26.51
2024-12-08 20:04:32,korean: 25.82
2024-12-08 20:04:32,brown: 24.74
2024-12-08 20:04:32,fang: 23.26
2024-12-08 20:04:32,native american: 22.62
2024-12-08 20:04:32,can: 22.39
2024-12-08 20:04:32,person many: 21.84
2024-12-08 20:04:32,photo: 21.77
2024-12-08 20:04:32,sewing macine: 21.68
2024-12-08 20:04:34,asian: 14.95
2024-12-08 20:04:34,hair: 14.28
2024-12-08 20:04:34,korean: 13.92
2024-12-08 20:04:34,brown: 13.43
2024-12-08 20:04:34,fang: 12.54
2024-12-08 20:04:34,native american: 12.38
2024-12-08 20:04:34,can: 12.06
2024-12-08 20:04:34,person many: 11.87
2024-12-08 20:04:34,sewing macine: 11.70
2024-12-08 20:04:34,photo: 11.69
2024-12-08 20:04:36,asian: 9.43
2024-12-08 20:04:36,hair: 9.07
2024-12-08 20:04:36,korean: 8.75
2024-12-08 20:04:36,brown: 8.60
2024-12-08 20:04:36,native american: 7.92
2024-12-08 20:04:36,fang: 7.92
2024-12-08 20:04:36,can: 7.59
2024-12-08 20:04:36,person many: 7.48
2024-12-08 20:04:36,angry: 7.44
2024-12-08 20:04:36,photo: 7.41
2024-12-08 20:04:38,asian: 6.99
2024-12-08 20:04:38,hair: 6.68
2024-12-08 20:04:38,korean: 6.44
2024-12-08 20:04:38,brown: 6.25
2024-12-08 20:04:38,native american: 5.83
2024-12-08 20:04:38,fang: 5.78
2024-12-08 20:04:38,can: 5.54
2024-12-08 20:04:38,person many: 5.50
2024-12-08 20:04:38,woman child: 5.46
2024-12-08 20:04:38,angry: 5.43
2024-12-08 20:04:40,asian: 5.54
2024-12-08 20:04:40,hair: 5.29
2024-12-08 20:04:40,korean: 5.09
2024-12-08 20:04:40,brown: 4.88
2024-12-08 20:04:40,native american: 4.58
2024-12-08 20:04:40,fang: 4.52
2024-12-08 20:04:40,can: 4.33
2024-12-08 20:04:40,person many: 4.32
2024-12-08 20:04:40,woman child: 4.27
2024-12-08 20:04:40,photo: 4.20
2024-12-08 20:04:42,asian: 4.59
2024-12-08 20:04:42,hair: 4.38
2024-12-08 20:04:42,korean: 4.24
2024-12-08 20:04:42,brown: 4.02
2024-12-08 20:04:42,fang: 3.77
2024-12-08 20:04:42,native american: 3.74
2024-12-08 20:04:42,can: 3.60
2024-12-08 20:04:42,person many: 3.57
2024-12-08 20:04:42,smile: 3.52
2024-12-08 20:04:42,woman child: 3.52
2024-12-08 20:04:44,asian: 3.85
2024-12-08 20:04:44,hair: 3.65
2024-12-08 20:04:44,korean: 3.56
2024-12-08 20:04:44,brown: 3.35
2024-12-08 20:04:44,fang: 3.18
2024-12-08 20:04:44,native american: 3.09
2024-12-08 20:04:44,can: 3.02
2024-12-08 20:04:44,smile: 3.00
2024-12-08 20:04:44,person many: 2.98
2024-12-08 20:04:44,sewing macine: 2.96
2024-12-08 20:04:46,asian: 3.29
2024-12-08 20:04:46,hair: 3.08
2024-12-08 20:04:46,korean: 3.05
2024-12-08 20:04:46,brown: 2.83
2024-12-08 20:04:46,fang: 2.74
2024-12-08 20:04:46,native american: 2.62
2024-12-08 20:04:46,smile: 2.61
2024-12-08 20:04:46,can: 2.60
2024-12-08 20:04:46,person many: 2.54
2024-12-08 20:04:46,sewing macine: 2.54
2024-12-08 20:04:48,asian: 2.92
2024-12-08 20:04:48,hair: 2.74
2024-12-08 20:04:48,korean: 2.72
2024-12-08 20:04:48,brown: 2.50
2024-12-08 20:04:48,fang: 2.43
2024-12-08 20:04:48,native american: 2.33
2024-12-08 20:04:48,smile: 2.32
2024-12-08 20:04:48,can: 2.30
2024-12-08 20:04:48,person many: 2.25
2024-12-08 20:04:48,sewing macine: 2.25
2024-12-08 20:04:50,asian: 2.69
2024-12-08 20:04:50,hair: 2.55
2024-12-08 20:04:50,korean: 2.49
2024-12-08 20:04:50,brown: 2.30
2024-12-08 20:04:50,fang: 2.21
2024-12-08 20:04:50,native american: 2.15
2024-12-08 20:04:50,can: 2.10
2024-12-08 20:04:50,smile: 2.07
2024-12-08 20:04:50,sewing macine: 2.06
2024-12-08 20:04:50,person many: 2.05
2024-12-08 20:04:52,asian: 2.32
2024-12-08 20:04:52,hair: 2.27
2024-12-08 20:04:52,korean: 2.18
2024-12-08 20:04:52,brown: 2.07
2024-12-08 20:04:52,fang: 1.98
2024-12-08 20:04:52,native american: 1.93
2024-12-08 20:04:52,can: 1.91
2024-12-08 20:04:52,smile: 1.87
2024-12-08 20:04:52,sewing macine: 1.86
2024-12-08 20:04:52,person many: 1.85
2024-12-08 20:04:54,asian: 2.16
2024-12-08 20:04:54,hair: 2.05
2024-12-08 20:04:54,korean: 2.01
2024-12-08 20:04:54,brown: 1.88
2024-12-08 20:04:54,fang: 1.84
2024-12-08 20:04:54,can: 1.78
2024-12-08 20:04:54,native american: 1.77
2024-12-08 20:04:54,person many: 1.73
2024-12-08 20:04:54,sewing macine: 1.71
2024-12-08 20:04:54,photo: 1.71
2024-12-08 20:04:56,asian: 2.05
2024-12-08 20:04:56,hair: 1.92
2024-12-08 20:04:56,korean: 1.89
2024-12-08 20:04:56,brown: 1.75
2024-12-08 20:04:56,fang: 1.73
2024-12-08 20:04:56,native american: 1.68
2024-12-08 20:04:56,can: 1.68
2024-12-08 20:04:56,person many: 1.64
2024-12-08 20:04:56,photo: 1.61
2024-12-08 20:04:56,sewing macine: 1.61
2024-12-08 20:04:58,asian: 1.96
2024-12-08 20:04:58,hair: 1.82
2024-12-08 20:04:58,korean: 1.81
2024-12-08 20:04:58,brown: 1.66
2024-12-08 20:04:58,fang: 1.65
2024-12-08 20:04:58,can: 1.62
2024-12-08 20:04:58,person many: 1.59
2024-12-08 20:04:58,native american: 1.58
2024-12-08 20:04:58,photo: 1.55
2024-12-08 20:04:58,camera: 1.53
2024-12-08 20:05:00,asian: 1.89
2024-12-08 20:05:00,korean: 1.74
2024-12-08 20:05:00,hair: 1.70
2024-12-08 20:05:00,fang: 1.59
2024-12-08 20:05:00,brown: 1.57
2024-12-08 20:05:00,can: 1.55
2024-12-08 20:05:00,person many: 1.53
2024-12-08 20:05:00,native american: 1.51
2024-12-08 20:05:00,camera: 1.48
2024-12-08 20:05:00,photo: 1.47
2024-12-08 20:05:02,asian: 1.85
2024-12-08 20:05:02,korean: 1.70
2024-12-08 20:05:02,hair: 1.68
2024-12-08 20:05:02,brown: 1.54
2024-12-08 20:05:02,fang: 1.54
2024-12-08 20:05:02,can: 1.50
2024-12-08 20:05:02,native american: 1.47
2024-12-08 20:05:02,person many: 1.47
2024-12-08 20:05:02,scissor: 1.43
2024-12-08 20:05:02,woman child: 1.43
2024-12-08 20:05:04,asian: 1.68
2024-12-08 20:05:04,hair: 1.58
2024-12-08 20:05:04,korean: 1.54
2024-12-08 20:05:04,brown: 1.45
2024-12-08 20:05:04,fang: 1.42
2024-12-08 20:05:04,scissor: 1.40
2024-12-08 20:05:04,can: 1.40
2024-12-08 20:05:04,finger: 1.40
2024-12-08 20:05:04,person many: 1.39
2024-12-08 20:05:04,native american: 1.39
2024-12-08 20:05:06,asian: 1.57
2024-12-08 20:05:06,hair: 1.51
2024-12-08 20:05:06,korean: 1.44
2024-12-08 20:05:06,finger: 1.43
2024-12-08 20:05:06,hand: 1.42
2024-12-08 20:05:06,brown: 1.39
2024-12-08 20:05:06,scissor: 1.38
2024-12-08 20:05:06,fang: 1.36
2024-12-08 20:05:06,person many: 1.35
2024-12-08 20:05:06,can: 1.35
2024-12-08 20:05:08,asian: 1.56
2024-12-08 20:05:08,hair: 1.51
2024-12-08 20:05:08,korean: 1.43
2024-12-08 20:05:08,brown: 1.38
2024-12-08 20:05:08,finger: 1.35
2024-12-08 20:05:08,scissor: 1.35
2024-12-08 20:05:08,hand: 1.34
2024-12-08 20:05:08,fang: 1.33
2024-12-08 20:05:08,person many: 1.32
2024-12-08 20:05:08,can: 1.31
2024-12-08 20:05:10,asian: 1.46
2024-12-08 20:05:10,hair: 1.41
2024-12-08 20:05:10,korean: 1.36
2024-12-08 20:05:10,finger: 1.34
2024-12-08 20:05:10,hand: 1.32
2024-12-08 20:05:10,brown: 1.31
2024-12-08 20:05:10,scissor: 1.30
2024-12-08 20:05:10,fang: 1.28
2024-12-08 20:05:10,can: 1.27
2024-12-08 20:05:10,person many: 1.27
2024-12-08 20:05:12,asian: 1.38
2024-12-08 20:05:12,hair: 1.32
2024-12-08 20:05:12,finger: 1.32
2024-12-08 20:05:12,korean: 1.32
2024-12-08 20:05:12,hand: 1.31
2024-12-08 20:05:12,triangle: 1.29
2024-12-08 20:05:12,scissor: 1.27
2024-12-08 20:05:12,brown: 1.26
2024-12-08 20:05:12,can: 1.25
2024-12-08 20:05:12,fang: 1.24
2024-12-08 20:05:14,finger: 1.31
2024-12-08 20:05:14,asian: 1.30
2024-12-08 20:05:14,hand: 1.29
2024-12-08 20:05:14,triangle: 1.28
2024-12-08 20:05:14,rectangle: 1.27
2024-12-08 20:05:14,korean: 1.26
2024-12-08 20:05:14,hair: 1.24
2024-12-08 20:05:14,scissor: 1.22
2024-12-08 20:05:14,can: 1.21
2024-12-08 20:05:14,white many: 1.21
2024-12-08 20:05:16,finger: 1.30
2024-12-08 20:05:16,rectangle: 1.29
2024-12-08 20:05:16,hand: 1.26
2024-12-08 20:05:16,triangle: 1.26
2024-12-08 20:05:16,card: 1.26
2024-12-08 20:05:16,asian: 1.21
2024-12-08 20:05:16,korean: 1.21
2024-12-08 20:05:16,sheet: 1.20
2024-12-08 20:05:16,white many: 1.19
2024-12-08 20:05:16,folder: 1.19
2024-12-08 20:05:18,rectangle: 1.33
2024-12-08 20:05:18,card: 1.31
2024-12-08 20:05:18,finger: 1.29
2024-12-08 20:05:18,triangle: 1.26
2024-12-08 20:05:18,hand: 1.24
2024-12-08 20:05:18,sheet: 1.21
2024-12-08 20:05:18,folder: 1.21
2024-12-08 20:05:18,white many: 1.18
2024-12-08 20:05:18,filed: 1.18
2024-12-08 20:05:18,korean: 1.18
2024-12-08 20:05:20,rectangle: 1.35
2024-12-08 20:05:20,card: 1.35
2024-12-08 20:05:20,finger: 1.27
2024-12-08 20:05:20,triangle: 1.25
2024-12-08 20:05:20,hand: 1.22
2024-12-08 20:05:20,folder: 1.22
2024-12-08 20:05:20,sheet: 1.21
2024-12-08 20:05:20,paint: 1.19
2024-12-08 20:05:20,white many: 1.17
2024-12-08 20:05:20,filed: 1.17
2024-12-08 20:05:22,card: 1.37
2024-12-08 20:05:22,rectangle: 1.36
2024-12-08 20:05:22,finger: 1.25
2024-12-08 20:05:22,triangle: 1.23
2024-12-08 20:05:22,folder: 1.23
2024-12-08 20:05:22,sheet: 1.21
2024-12-08 20:05:22,paint: 1.20
2024-12-08 20:05:22,hand: 1.19
2024-12-08 20:05:22,stamp: 1.17
2024-12-08 20:05:22,filed: 1.16
2024-12-08 20:05:24,card: 1.38
2024-12-08 20:05:24,rectangle: 1.36
2024-12-08 20:05:24,finger: 1.23
2024-12-08 20:05:24,folder: 1.21
2024-12-08 20:05:24,paint: 1.19
2024-12-08 20:05:24,triangle: 1.19
2024-12-08 20:05:24,sheet: 1.19
2024-12-08 20:05:24,stamp: 1.16
2024-12-08 20:05:24,hand: 1.15
2024-12-08 20:05:24,filed: 1.14
2024-12-08 20:05:26,card: 1.38
2024-12-08 20:05:26,rectangle: 1.38
2024-12-08 20:05:26,paint: 1.24
2024-12-08 20:05:26,folder: 1.23
2024-12-08 20:05:26,finger: 1.23
2024-12-08 20:05:26,sheet: 1.20
2024-12-08 20:05:26,triangle: 1.18
2024-12-08 20:05:26,stamp: 1.18
2024-12-08 20:05:26,notepad: 1.15
2024-12-08 20:05:26,hand: 1.14
2024-12-08 20:05:28,card: 1.38
2024-12-08 20:05:28,rectangle: 1.37
2024-12-08 20:05:28,folder: 1.25
2024-12-08 20:05:28,paint: 1.22
2024-12-08 20:05:28,sheet: 1.19
2024-12-08 20:05:28,finger: 1.19
2024-12-08 20:05:28,red: 1.17
2024-12-08 20:05:28,stamp: 1.16
2024-12-08 20:05:28,triangle: 1.16
2024-12-08 20:05:28,notepad: 1.15
2024-12-08 20:05:30,rectangle: 1.30
2024-12-08 20:05:30,card: 1.30
2024-12-08 20:05:30,folder: 1.18
2024-12-08 20:05:30,paint: 1.16
2024-12-08 20:05:30,sheet: 1.15
2024-12-08 20:05:30,finger: 1.13
2024-12-08 20:05:30,triangle: 1.12
2024-12-08 20:05:30,stamp: 1.10
2024-12-08 20:05:30,filed: 1.10
2024-12-08 20:05:30,notepad: 1.09
2024-12-08 20:05:32,rectangle: 1.24
2024-12-08 20:05:32,card: 1.23
2024-12-08 20:05:32,folder: 1.14
2024-12-08 20:05:32,sheet: 1.12
2024-12-08 20:05:32,paint: 1.12
2024-12-08 20:05:32,triangle: 1.09
2024-12-08 20:05:32,finger: 1.08
2024-12-08 20:05:32,filed: 1.07
2024-12-08 20:05:32,paint brush: 1.06
2024-12-08 20:05:32,korean: 1.06
2024-12-08 20:05:34,rectangle: 1.26
2024-12-08 20:05:34,card: 1.23
2024-12-08 20:05:34,folder: 1.13
2024-12-08 20:05:34,paint: 1.13
2024-12-08 20:05:34,sheet: 1.12
2024-12-08 20:05:34,triangle: 1.08
2024-12-08 20:05:34,finger: 1.08
2024-12-08 20:05:34,korean: 1.06
2024-12-08 20:05:34,paint brush: 1.06
2024-12-08 20:05:34,filed: 1.06
2024-12-08 20:05:36,rectangle: 1.25
2024-12-08 20:05:36,card: 1.21
2024-12-08 20:05:36,paint: 1.13
2024-12-08 20:05:36,folder: 1.12
2024-12-08 20:05:36,sheet: 1.11
2024-12-08 20:05:36,triangle: 1.08
2024-12-08 20:05:36,paint brush: 1.06
2024-12-08 20:05:36,finger: 1.06
2024-12-08 20:05:36,filed: 1.04
2024-12-08 20:05:36,notepad: 1.04
2024-12-08 20:05:38,rectangle: 1.24
2024-12-08 20:05:38,card: 1.22
2024-12-08 20:05:38,paint: 1.13
2024-12-08 20:05:38,folder: 1.11
2024-12-08 20:05:38,sheet: 1.10
2024-12-08 20:05:38,triangle: 1.06
2024-12-08 20:05:38,paint brush: 1.05
2024-12-08 20:05:38,american flag: 1.04
2024-12-08 20:05:38,finger: 1.03
2024-12-08 20:05:38,box: 1.03
2024-12-08 20:05:40,rectangle: 1.24
2024-12-08 20:05:40,card: 1.21
2024-12-08 20:05:40,paint: 1.15
2024-12-08 20:05:40,folder: 1.10
2024-12-08 20:05:40,sheet: 1.09
2024-12-08 20:05:40,paint brush: 1.06
2024-12-08 20:05:40,triangle: 1.05
2024-12-08 20:05:40,american flag: 1.05
2024-12-08 20:05:40,box: 1.03
2024-12-08 20:05:40,finger: 1.02
2024-12-08 20:05:42,rectangle: 1.25
2024-12-08 20:05:42,card: 1.22
2024-12-08 20:05:42,paint: 1.15
2024-12-08 20:05:42,folder: 1.09
2024-12-08 20:05:42,sheet: 1.08
2024-12-08 20:05:42,american flag: 1.06
2024-12-08 20:05:42,paint brush: 1.05
2024-12-08 20:05:42,triangle: 1.05
2024-12-08 20:05:42,box: 1.02
2024-12-08 20:05:42,paper: 1.02
2024-12-08 20:05:44,rectangle: 1.23
2024-12-08 20:05:44,card: 1.20
2024-12-08 20:05:44,paint: 1.15
2024-12-08 20:05:44,folder: 1.07
2024-12-08 20:05:44,american flag: 1.07
2024-12-08 20:05:44,sheet: 1.06
2024-12-08 20:05:44,paint brush: 1.05
2024-12-08 20:05:44,triangle: 1.03
2024-12-08 20:05:44,flag: 1.02
2024-12-08 20:05:44,box: 1.01
2024-12-08 20:05:46,rectangle: 1.22
2024-12-08 20:05:46,card: 1.18
2024-12-08 20:05:46,paint: 1.14
2024-12-08 20:05:46,american flag: 1.07
2024-12-08 20:05:46,folder: 1.06
2024-12-08 20:05:46,paint brush: 1.05
2024-12-08 20:05:46,sheet: 1.04
2024-12-08 20:05:46,flag: 1.02
2024-12-08 20:05:46,triangle: 1.01
2024-12-08 20:05:46,box: 1.00
2024-12-08 20:05:48,rectangle: 1.21
2024-12-08 20:05:48,card: 1.16
2024-12-08 20:05:48,paint: 1.14
2024-12-08 20:05:48,american flag: 1.08
2024-12-08 20:05:48,folder: 1.06
2024-12-08 20:05:48,paint brush: 1.04
2024-12-08 20:05:48,sheet: 1.04
2024-12-08 20:05:48,flag: 1.03
2024-12-08 20:05:48,triangle: 1.00
2024-12-08 20:05:48,paper: 1.00
2024-12-08 20:05:50,rectangle: 1.21
2024-12-08 20:05:50,paint: 1.15
2024-12-08 20:05:50,card: 1.15
2024-12-08 20:05:50,american flag: 1.09
2024-12-08 20:05:50,folder: 1.07
2024-12-08 20:05:50,paint brush: 1.04
2024-12-08 20:05:50,flag: 1.04
2024-12-08 20:05:50,sheet: 1.03
2024-12-08 20:05:50,paper: 1.01
2024-12-08 20:05:50,holepunch: 1.00
2024-12-08 20:05:52,rectangle: 1.21
2024-12-08 20:05:52,card: 1.17
2024-12-08 20:05:52,paint: 1.15
2024-12-08 20:05:52,folder: 1.07
2024-12-08 20:05:52,american flag: 1.06
2024-12-08 20:05:52,paint brush: 1.04
2024-12-08 20:05:52,sheet: 1.02
2024-12-08 20:05:52,flag: 1.02
2024-12-08 20:05:52,paper: 1.00
2024-12-08 20:05:52,notepad: 0.99
2024-12-08 20:05:54,rectangle: 1.21
2024-12-08 20:05:54,card: 1.16
2024-12-08 20:05:54,paint: 1.14
2024-12-08 20:05:54,folder: 1.07
2024-12-08 20:05:54,american flag: 1.04
2024-12-08 20:05:54,paint brush: 1.03
2024-12-08 20:05:54,sheet: 1.01
2024-12-08 20:05:54,flag: 1.01
2024-12-08 20:05:54,notepad: 1.00
2024-12-08 20:05:54,box: 1.00
2024-12-08 20:05:56,rectangle: 1.19
2024-12-08 20:05:56,card: 1.13
2024-12-08 20:05:56,paint: 1.12
2024-12-08 20:05:56,folder: 1.06
2024-12-08 20:05:56,paint brush: 1.03
2024-12-08 20:05:56,american flag: 1.02
2024-12-08 20:05:56,box: 1.01
2024-12-08 20:05:56,flag: 1.00
2024-12-08 20:05:56,sheet: 1.00
2024-12-08 20:05:56,notepad: 0.99
2024-12-08 20:05:58,rectangle: 1.15
2024-12-08 20:05:58,card: 1.09
2024-12-08 20:05:58,paint: 1.08
2024-12-08 20:05:58,folder: 1.04
2024-12-08 20:05:58,paint brush: 1.00
2024-12-08 20:05:58,american flag: 0.98
2024-12-08 20:05:58,sheet: 0.98
2024-12-08 20:05:58,box: 0.98
2024-12-08 20:05:58,flag: 0.96
2024-12-08 20:05:58,notepad: 0.96
2024-12-08 20:06:00,rectangle: 1.14
2024-12-08 20:06:00,card: 1.06
2024-12-08 20:06:00,paint: 1.04
2024-12-08 20:06:00,folder: 1.03
2024-12-08 20:06:00,box: 0.98
2024-12-08 20:06:00,paint brush: 0.98
2024-12-08 20:06:00,sheet: 0.96
2024-12-08 20:06:00,holepunch: 0.95
2024-12-08 20:06:00,notepad: 0.95
2024-12-08 20:06:00,american flag: 0.95
2024-12-08 20:06:02,rectangle: 1.13
2024-12-08 20:06:02,card: 1.03
2024-12-08 20:06:02,folder: 1.02
2024-12-08 20:06:02,paint: 1.00
2024-12-08 20:06:02,phone: 0.99
2024-12-08 20:06:02,box: 0.97
2024-12-08 20:06:02,camera: 0.95
2024-12-08 20:06:02,sheet: 0.95
2024-12-08 20:06:02,notepad: 0.94
2024-12-08 20:06:02,holepunch: 0.94
2024-12-08 20:06:04,rectangle: 1.09
2024-12-08 20:06:04,card: 1.00
2024-12-08 20:06:04,folder: 0.99
2024-12-08 20:06:04,paint: 0.97
2024-12-08 20:06:04,phone: 0.96
2024-12-08 20:06:04,box: 0.94
2024-12-08 20:06:04,sheet: 0.94
2024-12-08 20:06:04,camera: 0.94
2024-12-08 20:06:04,paint brush: 0.93
2024-12-08 20:06:04,korean: 0.92
2024-12-08 20:06:06,rectangle: 1.07
2024-12-08 20:06:06,card: 0.99
2024-12-08 20:06:06,folder: 0.98
2024-12-08 20:06:06,korean: 0.96
2024-12-08 20:06:06,phone: 0.96
2024-12-08 20:06:06,paint: 0.95
2024-12-08 20:06:06,camera: 0.95
2024-12-08 20:06:06,sheet: 0.94
2024-12-08 20:06:06,asian: 0.93
2024-12-08 20:06:06,box: 0.93
2024-12-08 20:06:08,rectangle: 1.05
2024-12-08 20:06:08,korean: 0.98
2024-12-08 20:06:08,asian: 0.97
2024-12-08 20:06:08,folder: 0.97
2024-12-08 20:06:08,card: 0.96
2024-12-08 20:06:08,camera: 0.94
2024-12-08 20:06:08,sheet: 0.94
2024-12-08 20:06:08,phone: 0.94
2024-12-08 20:06:08,paint: 0.93
2024-12-08 20:06:08,paint brush: 0.92
